,leiden
cell_1,3
cell_2,3
cell_3,3
cell_4,3
cell_5,3
cell_6,5
cell_7,3
cell_8,3
cell_9,3
cell_10,3
cell_11,3
cell_12,3
cell_13,5
cell_14,3
cell_15,3
cell_16,3
cell_17,3
cell_18,3
cell_19,3
cell_20,5
cell_21,3
cell_22,3
cell_23,3
cell_24,3
cell_25,5
cell_26,11
cell_27,3
cell_28,3
cell_29,3
cell_30,5
cell_31,5
cell_32,5
cell_33,3
cell_34,3
cell_35,3
cell_36,3
cell_37,3
cell_38,8
cell_39,8
cell_40,8
cell_41,4
cell_42,5
cell_43,5
cell_44,8
cell_45,8
cell_46,11
cell_47,4
cell_48,5
cell_49,4
cell_50,5
cell_51,11
cell_52,4
cell_53,5
cell_54,8
cell_55,5
cell_56,5
cell_57,5
cell_58,8
cell_59,11
cell_60,11
cell_61,8
cell_62,3
cell_63,8
cell_64,4
cell_65,4
cell_66,8
cell_67,5
cell_68,5
cell_69,4
cell_70,5
cell_71,4
cell_72,5
cell_73,4
cell_74,11
cell_75,8
cell_76,4
cell_77,11
cell_78,5
cell_79,4
cell_80,4
cell_81,4
cell_82,8
cell_83,8
cell_84,13
cell_85,8
cell_86,5
cell_87,13
cell_88,13
cell_89,8
cell_90,8
cell_91,8
cell_92,13
cell_93,8
cell_94,4
cell_95,8
cell_96,4
cell_97,13
cell_98,4
cell_99,8
cell_100,13
cell_101,8
cell_102,13
cell_103,8
cell_104,8
cell_105,13
cell_106,8
cell_107,13
cell_108,13
cell_109,13
cell_110,3
cell_111,13
cell_112,13
cell_113,4
cell_114,8
cell_115,4
cell_116,4
cell_117,13
cell_118,8
cell_119,8
cell_120,8
cell_121,13
cell_122,13
cell_123,13
cell_124,13
cell_125,13
cell_126,8
cell_127,13
cell_128,13
cell_129,13
cell_130,13
cell_131,13
cell_132,13
cell_133,13
cell_134,13
cell_135,13
cell_136,13
cell_137,13
cell_138,13
cell_139,13
cell_140,13
cell_141,13
cell_142,13
cell_143,13
cell_144,13
cell_145,13
cell_146,13
cell_147,13
cell_148,13
cell_149,13
cell_150,13
cell_151,13
cell_152,13
cell_153,4
cell_154,13
cell_155,13
cell_156,4
cell_157,13
cell_158,13
cell_159,4
cell_160,13
cell_161,13
cell_162,5
cell_163,5
cell_164,5
cell_165,5
cell_166,5
cell_167,5
cell_168,5
cell_169,11
cell_170,5
cell_171,8
cell_172,9
cell_173,15
cell_174,8
cell_175,5
cell_176,5
cell_177,11
cell_178,15
cell_179,14
cell_180,11
cell_181,5
cell_182,5
cell_183,9
cell_184,5
cell_185,11
cell_186,5
cell_187,9
cell_188,5
cell_189,11
cell_190,9
cell_191,5
cell_192,5
cell_193,14
cell_194,5
cell_195,5
cell_196,11
cell_197,5
cell_198,11
cell_199,5
cell_200,12
cell_201,11
cell_202,5
cell_203,11
cell_204,5
cell_205,14
cell_206,5
cell_207,5
cell_208,5
cell_209,9
cell_210,11
cell_211,5
cell_212,5
cell_213,5
cell_214,15
cell_215,5
cell_216,5
cell_217,9
cell_218,15
cell_219,5
cell_220,5
cell_221,11
cell_222,5
cell_223,15
cell_224,15
cell_225,11
cell_226,5
cell_227,5
cell_228,9
cell_229,5
cell_230,5
cell_231,5
cell_232,15
cell_233,5
cell_234,5
cell_235,5
cell_236,5
cell_237,5
cell_238,11
cell_239,5
cell_240,5
cell_241,3
cell_242,3
cell_243,3
cell_244,3
cell_245,3
cell_246,3
cell_247,3
cell_248,3
cell_249,3
cell_250,3
cell_251,3
cell_252,3
cell_253,3
cell_254,3
cell_255,5
cell_256,3
cell_257,3
cell_258,3
cell_259,3
cell_260,3
cell_261,3
cell_262,5
cell_263,14
cell_264,9
cell_265,14
cell_266,14
cell_267,14
cell_268,9
cell_269,14
cell_270,14
cell_271,14
cell_272,9
cell_273,14
cell_274,14
cell_275,16
cell_276,16
cell_277,16
cell_278,16
cell_279,4
cell_280,9
cell_281,16
cell_282,9
cell_283,4
cell_284,16
cell_285,16
cell_286,9
cell_287,9
cell_288,15
cell_289,16
cell_290,15
cell_291,15
cell_292,9
cell_293,15
cell_294,16
cell_295,15
cell_296,16
cell_297,11
cell_298,16
cell_299,9
cell_300,15
cell_301,9
cell_302,9
cell_303,9
cell_304,15
cell_305,3
cell_306,3
cell_307,3
cell_308,3
cell_309,3
cell_310,3
cell_311,3
cell_312,3
cell_313,3
cell_314,3
cell_315,3
cell_316,3
cell_317,11
cell_318,11
cell_319,11
cell_320,4
cell_321,5
cell_322,5
cell_323,5
cell_324,11
cell_325,5
cell_326,11
cell_327,11
cell_328,5
cell_329,5
cell_330,11
cell_331,11
cell_332,5
cell_333,3
cell_334,3
cell_335,3
cell_336,3
cell_337,3
cell_338,3
cell_339,3
cell_340,14
cell_341,9
cell_342,14
cell_343,9
cell_344,9
cell_345,15
cell_346,14
cell_347,14
cell_348,14
cell_349,14
cell_350,14
cell_351,14
cell_352,14
cell_353,9
cell_354,9
cell_355,14
cell_356,15
cell_357,9
cell_358,5
cell_359,5
cell_360,5
cell_361,3
cell_362,5
cell_363,9
cell_364,9
cell_365,5
cell_366,12
cell_367,15
cell_368,11
cell_369,12
cell_370,9
cell_371,5
cell_372,11
cell_373,9
cell_374,9
cell_375,9
cell_376,15
cell_377,9
cell_378,3
cell_379,5
cell_380,5
cell_381,9
cell_382,11
cell_383,5
cell_384,9
cell_385,9
cell_386,5
cell_387,9
cell_388,9
cell_389,9
cell_390,15
cell_391,9
cell_392,14
cell_393,9
cell_394,9
cell_395,15
cell_396,5
cell_397,9
cell_398,9
cell_399,5
cell_400,5
cell_401,15
cell_402,9
cell_403,3
cell_404,11
cell_405,8
cell_406,5
cell_407,3
cell_408,4
cell_409,3
cell_410,3
cell_411,3
cell_412,3
cell_413,3
cell_414,14
cell_415,14
cell_416,9
cell_417,14
cell_418,14
cell_419,14
cell_420,9
cell_421,14
cell_422,9
cell_423,9
cell_424,14
cell_425,15
cell_426,9
cell_427,14
cell_428,9
cell_429,14
cell_430,16
cell_431,9
cell_432,15
cell_433,11
cell_434,14
cell_435,9
cell_436,9
cell_437,16
cell_438,9
cell_439,9
cell_440,16
cell_441,15
cell_442,9
cell_443,9
cell_444,5
cell_445,16
cell_446,3
cell_447,16
cell_448,16
cell_449,9
cell_450,9
cell_451,16
cell_452,9
cell_453,16
cell_454,16
cell_455,15
cell_456,15
cell_457,9
cell_458,11
cell_459,16
cell_460,9
cell_461,15
cell_462,9
cell_463,16
cell_464,15
cell_465,9
cell_466,3
cell_467,3
cell_468,3
cell_469,3
cell_470,3
cell_471,3
cell_472,3
cell_473,3
cell_474,11
cell_475,5
cell_476,5
cell_477,14
cell_478,3
cell_479,8
cell_480,11
cell_481,11
cell_482,11
cell_483,11
cell_484,5
cell_485,8
cell_486,11
cell_487,11
cell_488,5
cell_489,11
cell_490,3
cell_491,3
cell_492,3
cell_493,3
cell_494,3
cell_495,3
cell_496,3
cell_497,3
cell_498,3
cell_499,14
cell_500,9
cell_501,14
cell_502,14
cell_503,15
cell_504,14
cell_505,14
cell_506,14
cell_507,14
cell_508,14
cell_509,9
cell_510,9
cell_511,14
cell_512,15
cell_513,9
cell_514,9
cell_515,14
cell_516,9
cell_517,5
cell_518,5
cell_519,5
cell_520,15
cell_521,5
cell_522,5
cell_523,5
cell_524,9
cell_525,5
cell_526,9
cell_527,5
cell_528,5
cell_529,15
cell_530,9
cell_531,9
cell_532,5
cell_533,15
cell_534,11
cell_535,9
cell_536,5
cell_537,15
cell_538,15
cell_539,3
cell_540,5
cell_541,9
cell_542,15
cell_543,9
cell_544,5
cell_545,9
cell_546,9
cell_547,9
cell_548,15
cell_549,15
cell_550,9
cell_551,9
cell_552,9
cell_553,9
cell_554,9
cell_555,5
cell_556,15
cell_557,5
cell_558,9
cell_559,15
cell_560,5
cell_561,5
cell_562,9
cell_563,9
cell_564,9
cell_565,14
cell_566,9
cell_567,5
cell_568,16
cell_569,15
cell_570,15
cell_571,9
cell_572,9
cell_573,15
cell_574,9
cell_575,5
cell_576,8
cell_577,0
cell_578,0
cell_579,0
cell_580,0
cell_581,4
cell_582,2
cell_583,0
cell_584,2
cell_585,1
cell_586,2
cell_587,0
cell_588,0
cell_589,0
cell_590,8
cell_591,6
cell_592,1
cell_593,0
cell_594,0
cell_595,1
cell_596,1
cell_597,2
cell_598,2
cell_599,2
cell_600,1
cell_601,0
cell_602,2
cell_603,1
cell_604,1
cell_605,13
cell_606,0
cell_607,2
cell_608,0
cell_609,12
cell_610,4
cell_611,2
cell_612,1
cell_613,7
cell_614,12
cell_615,1
cell_616,12
cell_617,2
cell_618,8
cell_619,12
cell_620,12
cell_621,1
cell_622,11
cell_623,11
cell_624,3
cell_625,2
cell_626,0
cell_627,0
cell_628,1
cell_629,0
cell_630,0
cell_631,1
cell_632,0
cell_633,1
cell_634,0
cell_635,1
cell_636,0
cell_637,11
cell_638,0
cell_639,0
cell_640,0
cell_641,1
cell_642,1
cell_643,1
cell_644,0
cell_645,3
cell_646,1
cell_647,2
cell_648,0
cell_649,0
cell_650,0
cell_651,1
cell_652,4
cell_653,1
cell_654,0
cell_655,1
cell_656,1
cell_657,0
cell_658,2
cell_659,0
cell_660,1
cell_661,11
cell_662,8
cell_663,0
cell_664,0
cell_665,1
cell_666,1
cell_667,1
cell_668,2
cell_669,4
cell_670,1
cell_671,4
cell_672,1
cell_673,2
cell_674,1
cell_675,1
cell_676,0
cell_677,12
cell_678,4
cell_679,12
cell_680,4
cell_681,0
cell_682,2
cell_683,0
cell_684,4
cell_685,2
cell_686,6
cell_687,4
cell_688,12
cell_689,2
cell_690,0
cell_691,2
cell_692,1
cell_693,0
cell_694,8
cell_695,12
cell_696,2
cell_697,12
cell_698,4
cell_699,0
cell_700,0
cell_701,8
cell_702,1
cell_703,0
cell_704,0
cell_705,0
cell_706,2
cell_707,12
cell_708,1
cell_709,2
cell_710,1
cell_711,1
cell_712,1
cell_713,2
cell_714,4
cell_715,0
cell_716,2
cell_717,2
cell_718,0
cell_719,0
cell_720,0
cell_721,12
cell_722,0
cell_723,2
cell_724,2
cell_725,2
cell_726,8
cell_727,12
cell_728,1
cell_729,2
cell_730,2
cell_731,3
cell_732,0
cell_733,8
cell_734,1
cell_735,0
cell_736,1
cell_737,12
cell_738,4
cell_739,0
cell_740,0
cell_741,0
cell_742,0
cell_743,1
cell_744,1
cell_745,8
cell_746,2
cell_747,0
cell_748,0
cell_749,1
cell_750,2
cell_751,2
cell_752,2
cell_753,2
cell_754,0
cell_755,0
cell_756,0
cell_757,2
cell_758,12
cell_759,1
cell_760,0
cell_761,1
cell_762,7
cell_763,7
cell_764,0
cell_765,2
cell_766,4
cell_767,1
cell_768,0
cell_769,2
cell_770,1
cell_771,12
cell_772,0
cell_773,2
cell_774,2
cell_775,12
cell_776,2
cell_777,1
cell_778,0
cell_779,1
cell_780,1
cell_781,8
cell_782,0
cell_783,2
cell_784,2
cell_785,2
cell_786,1
cell_787,0
cell_788,2
cell_789,0
cell_790,0
cell_791,7
cell_792,0
cell_793,12
cell_794,1
cell_795,4
cell_796,1
cell_797,1
cell_798,8
cell_799,0
cell_800,0
cell_801,1
cell_802,12
cell_803,4
cell_804,4
cell_805,4
cell_806,1
cell_807,0
cell_808,1
cell_809,1
cell_810,0
cell_811,2
cell_812,8
cell_813,2
cell_814,2
cell_815,0
cell_816,0
cell_817,13
cell_818,11
cell_819,2
cell_820,2
cell_821,0
cell_822,2
cell_823,2
cell_824,0
cell_825,1
cell_826,12
cell_827,8
cell_828,0
cell_829,0
cell_830,0
cell_831,4
cell_832,4
cell_833,2
cell_834,4
cell_835,4
cell_836,0
cell_837,4
cell_838,13
cell_839,2
cell_840,2
cell_841,4
cell_842,8
cell_843,4
cell_844,2
cell_845,4
cell_846,2
cell_847,12
cell_848,4
cell_849,12
cell_850,4
cell_851,12
cell_852,2
cell_853,2
cell_854,1
cell_855,2
cell_856,2
cell_857,1
cell_858,4
cell_859,2
cell_860,1
cell_861,2
cell_862,2
cell_863,2
cell_864,2
cell_865,2
cell_866,2
cell_867,4
cell_868,4
cell_869,2
cell_870,2
cell_871,2
cell_872,4
cell_873,2
cell_874,4
cell_875,2
cell_876,8
cell_877,4
cell_878,8
cell_879,4
cell_880,4
cell_881,4
cell_882,4
cell_883,4
cell_884,4
cell_885,8
cell_886,0
cell_887,4
cell_888,4
cell_889,4
cell_890,8
cell_891,4
cell_892,2
cell_893,13
cell_894,4
cell_895,13
cell_896,0
cell_897,8
cell_898,2
cell_899,8
cell_900,8
cell_901,4
cell_902,8
cell_903,4
cell_904,4
cell_905,8
cell_906,2
cell_907,8
cell_908,4
cell_909,4
cell_910,4
cell_911,1
cell_912,2
cell_913,4
cell_914,8
cell_915,2
cell_916,0
cell_917,8
cell_918,4
cell_919,4
cell_920,4
cell_921,4
cell_922,4
cell_923,1
cell_924,4
cell_925,8
cell_926,8
cell_927,1
cell_928,4
cell_929,8
cell_930,8
cell_931,4
cell_932,4
cell_933,4
cell_934,4
cell_935,4
cell_936,3
cell_937,1
cell_938,3
cell_939,3
cell_940,3
cell_941,3
cell_942,3
cell_943,3
cell_944,3
cell_945,3
cell_946,3
cell_947,3
cell_948,3
cell_949,12
cell_950,12
cell_951,7
cell_952,7
cell_953,7
cell_954,12
cell_955,11
cell_956,1
cell_957,7
cell_958,7
cell_959,7
cell_960,7
cell_961,7
cell_962,12
cell_963,11
cell_964,12
cell_965,12
cell_966,7
cell_967,12
cell_968,7
cell_969,12
cell_970,7
cell_971,7
cell_972,11
cell_973,7
cell_974,11
cell_975,11
cell_976,11
cell_977,11
cell_978,12
cell_979,7
cell_980,7
cell_981,11
cell_982,4
cell_983,7
cell_984,7
cell_985,7
cell_986,7
cell_987,7
cell_988,0
cell_989,7
cell_990,7
cell_991,7
cell_992,7
cell_993,7
cell_994,7
cell_995,7
cell_996,7
cell_997,7
cell_998,1
cell_999,7
cell_1000,7
cell_1001,7
cell_1002,7
cell_1003,7
cell_1004,7
cell_1005,8
cell_1006,7
cell_1007,7
cell_1008,7
cell_1009,3
cell_1010,7
cell_1011,7
cell_1012,7
cell_1013,11
cell_1014,14
cell_1015,0
cell_1016,7
cell_1017,11
cell_1018,7
cell_1019,7
cell_1020,7
cell_1021,7
cell_1022,7
cell_1023,0
cell_1024,7
cell_1025,11
cell_1026,7
cell_1027,7
cell_1028,7
cell_1029,7
cell_1030,7
cell_1031,7
cell_1032,7
cell_1033,11
cell_1034,7
cell_1035,7
cell_1036,7
cell_1037,7
cell_1038,7
cell_1039,7
cell_1040,7
cell_1041,11
cell_1042,12
cell_1043,11
cell_1044,11
cell_1045,7
cell_1046,7
cell_1047,7
cell_1048,7
cell_1049,7
cell_1050,7
cell_1051,7
cell_1052,7
cell_1053,14
cell_1054,7
cell_1055,7
cell_1056,3
cell_1057,7
cell_1058,7
cell_1059,12
cell_1060,7
cell_1061,7
cell_1062,7
cell_1063,7
cell_1064,7
cell_1065,1
cell_1066,7
cell_1067,7
cell_1068,7
cell_1069,7
cell_1070,11
cell_1071,7
cell_1072,1
cell_1073,7
cell_1074,7
cell_1075,7
cell_1076,8
cell_1077,7
cell_1078,7
cell_1079,7
cell_1080,11
cell_1081,11
cell_1082,11
cell_1083,7
cell_1084,7
cell_1085,1
cell_1086,7
cell_1087,0
cell_1088,0
cell_1089,0
cell_1090,0
cell_1091,8
cell_1092,8
cell_1093,8
cell_1094,2
cell_1095,4
cell_1096,8
cell_1097,8
cell_1098,0
cell_1099,4
cell_1100,8
cell_1101,3
cell_1102,3
cell_1103,5
cell_1104,0
cell_1105,2
cell_1106,1
cell_1107,2
cell_1108,0
cell_1109,2
cell_1110,8
cell_1111,0
cell_1112,12
cell_1113,4
cell_1114,0
cell_1115,4
cell_1116,4
cell_1117,8
cell_1118,8
cell_1119,4
cell_1120,4
cell_1121,8
cell_1122,8
cell_1123,2
cell_1124,4
cell_1125,6
cell_1126,10
cell_1127,10
cell_1128,6
cell_1129,10
cell_1130,10
cell_1131,4
cell_1132,3
cell_1133,6
cell_1134,10
cell_1135,6
cell_1136,10
cell_1137,6
cell_1138,10
cell_1139,6
cell_1140,6
cell_1141,0
cell_1142,10
cell_1143,10
cell_1144,6
cell_1145,10
cell_1146,6
cell_1147,10
cell_1148,1
cell_1149,8
cell_1150,6
cell_1151,10
cell_1152,10
cell_1153,6
cell_1154,6
cell_1155,10
cell_1156,6
cell_1157,6
cell_1158,10
cell_1159,6
cell_1160,10
cell_1161,6
cell_1162,12
cell_1163,6
cell_1164,0
cell_1165,6
cell_1166,10
cell_1167,10
cell_1168,1
cell_1169,10
cell_1170,10
cell_1171,10
cell_1172,6
cell_1173,10
cell_1174,10
cell_1175,6
cell_1176,10
cell_1177,12
cell_1178,6
cell_1179,10
cell_1180,6
cell_1181,10
cell_1182,1
cell_1183,1
cell_1184,10
cell_1185,10
cell_1186,6
cell_1187,3
cell_1188,6
cell_1189,10
cell_1190,6
cell_1191,10
cell_1192,6
cell_1193,10
cell_1194,6
cell_1195,1
cell_1196,0
cell_1197,6
cell_1198,10
cell_1199,6
cell_1200,6
cell_1201,4
cell_1202,6
cell_1203,6
cell_1204,4
cell_1205,0
cell_1206,6
cell_1207,10
cell_1208,6
cell_1209,10
cell_1210,10
cell_1211,6
cell_1212,10
cell_1213,0
cell_1214,6
cell_1215,10
cell_1216,0
cell_1217,6
cell_1218,10
cell_1219,6
cell_1220,0
cell_1221,10
cell_1222,6
cell_1223,6
cell_1224,10
cell_1225,6
cell_1226,10
cell_1227,0
cell_1228,3
cell_1229,6
cell_1230,6
cell_1231,6
cell_1232,6
cell_1233,6
cell_1234,0
cell_1235,6
cell_1236,10
cell_1237,0
cell_1238,1
cell_1239,10
cell_1240,6
cell_1241,6
cell_1242,6
cell_1243,10
cell_1244,10
cell_1245,6
cell_1246,10
cell_1247,12
cell_1248,6
cell_1249,6
cell_1250,10
cell_1251,6
cell_1252,10
cell_1253,10
cell_1254,6
cell_1255,10
cell_1256,6
cell_1257,6
cell_1258,10
cell_1259,2
cell_1260,6
cell_1261,10
cell_1262,6
cell_1263,6
cell_1264,10
cell_1265,6
cell_1266,6
cell_1267,6
cell_1268,10
cell_1269,10
cell_1270,6
cell_1271,10
cell_1272,6
cell_1273,6
cell_1274,10
cell_1275,6
cell_1276,6
cell_1277,6
cell_1278,6
cell_1279,2
cell_1280,6
cell_1281,6
cell_1282,10
cell_1283,6
cell_1284,6
cell_1285,2
cell_1286,10
cell_1287,2
cell_1288,6
cell_1289,6
cell_1290,12
cell_1291,10
cell_1292,6
cell_1293,6
cell_1294,10
cell_1295,6
cell_1296,6
cell_1297,10
cell_1298,6
cell_1299,6
cell_1300,10
cell_1301,8
cell_1302,6
cell_1303,6
cell_1304,10
cell_1305,12
cell_1306,6
cell_1307,6
cell_1308,6
cell_1309,10
cell_1310,1
cell_1311,6
cell_1312,6
cell_1313,10
cell_1314,6
cell_1315,10
cell_1316,6
cell_1317,6
cell_1318,6
cell_1319,6
cell_1320,10
cell_1321,8
cell_1322,6
cell_1323,10
cell_1324,6
cell_1325,10
cell_1326,2
cell_1327,10
cell_1328,10
cell_1329,6
cell_1330,10
cell_1331,10
cell_1332,6
cell_1333,10
cell_1334,2
cell_1335,6
cell_1336,10
cell_1337,6
cell_1338,10
cell_1339,0
cell_1340,10
cell_1341,2
cell_1342,10
cell_1343,10
cell_1344,6
cell_1345,10
cell_1346,2
cell_1347,6
cell_1348,10
cell_1349,10
cell_1350,10
cell_1351,6
cell_1352,10
cell_1353,6
cell_1354,10
cell_1355,10
cell_1356,0
cell_1357,2
cell_1358,1
cell_1359,0
cell_1360,2
cell_1361,2
cell_1362,0
cell_1363,2
cell_1364,0
cell_1365,2
cell_1366,1
cell_1367,1
cell_1368,1
cell_1369,4
cell_1370,8
cell_1371,4
cell_1372,13
cell_1373,2
cell_1374,0
cell_1375,1
cell_1376,1
cell_1377,1
cell_1378,0
cell_1379,7
cell_1380,2
cell_1381,8
cell_1382,2
cell_1383,1
cell_1384,1
cell_1385,0
cell_1386,2
cell_1387,4
cell_1388,2
cell_1389,1
cell_1390,12
cell_1391,0
cell_1392,0
cell_1393,1
cell_1394,0
cell_1395,7
cell_1396,0
cell_1397,0
cell_1398,0
cell_1399,1
cell_1400,8
cell_1401,0
cell_1402,13
cell_1403,1
cell_1404,1
cell_1405,12
cell_1406,0
cell_1407,1
cell_1408,8
cell_1409,12
cell_1410,2
cell_1411,0
cell_1412,4
cell_1413,2
cell_1414,0
cell_1415,12
cell_1416,1
cell_1417,1
cell_1418,4
cell_1419,2
cell_1420,0
cell_1421,0
cell_1422,12
cell_1423,2
cell_1424,8
cell_1425,1
cell_1426,0
cell_1427,1
cell_1428,8
cell_1429,12
cell_1430,4
cell_1431,0
cell_1432,4
cell_1433,1
cell_1434,0
cell_1435,8
cell_1436,12
cell_1437,2
cell_1438,0
cell_1439,4
cell_1440,0
cell_1441,0
cell_1442,6
cell_1443,1
cell_1444,12
cell_1445,5
cell_1446,1
cell_1447,2
cell_1448,4
cell_1449,0
cell_1450,4
cell_1451,8
cell_1452,0
cell_1453,1
cell_1454,5
cell_1455,4
cell_1456,2
cell_1457,3
cell_1458,0
cell_1459,1
cell_1460,0
cell_1461,1
cell_1462,12
cell_1463,3
cell_1464,2
cell_1465,1
cell_1466,0
cell_1467,1
cell_1468,8
cell_1469,2
cell_1470,4
cell_1471,12
cell_1472,0
cell_1473,12
cell_1474,0
cell_1475,2
cell_1476,2
cell_1477,1
cell_1478,2
cell_1479,13
cell_1480,6
cell_1481,1
cell_1482,1
cell_1483,1
cell_1484,12
cell_1485,0
cell_1486,1
cell_1487,2
cell_1488,0
cell_1489,5
cell_1490,2
cell_1491,2
cell_1492,0
cell_1493,1
cell_1494,1
cell_1495,4
cell_1496,0
cell_1497,1
cell_1498,1
cell_1499,1
cell_1500,2
cell_1501,0
cell_1502,2
cell_1503,8
cell_1504,2
cell_1505,0
cell_1506,13
cell_1507,2
cell_1508,1
cell_1509,0
cell_1510,2
cell_1511,8
cell_1512,0
cell_1513,2
cell_1514,1
cell_1515,1
cell_1516,1
cell_1517,1
cell_1518,12
cell_1519,0
cell_1520,0
cell_1521,2
cell_1522,2
cell_1523,12
cell_1524,4
cell_1525,0
cell_1526,11
cell_1527,12
cell_1528,1
cell_1529,1
cell_1530,2
cell_1531,12
cell_1532,0
cell_1533,2
cell_1534,1
cell_1535,2
cell_1536,1
cell_1537,1
cell_1538,1
cell_1539,0
cell_1540,0
cell_1541,0
cell_1542,0
cell_1543,8
cell_1544,2
cell_1545,2
cell_1546,12
cell_1547,4
cell_1548,13
cell_1549,1
cell_1550,13
cell_1551,0
cell_1552,0
cell_1553,1
cell_1554,1
cell_1555,1
cell_1556,1
cell_1557,7
cell_1558,2
cell_1559,12
cell_1560,2
cell_1561,2
cell_1562,1
cell_1563,1
cell_1564,1
cell_1565,12
cell_1566,4
cell_1567,0
cell_1568,8
cell_1569,1
cell_1570,3
cell_1571,12
cell_1572,5
cell_1573,2
cell_1574,1
cell_1575,2
cell_1576,1
cell_1577,1
cell_1578,1
cell_1579,7
cell_1580,0
cell_1581,0
cell_1582,0
cell_1583,12
cell_1584,2
cell_1585,2
cell_1586,1
cell_1587,8
cell_1588,2
cell_1589,1
cell_1590,2
cell_1591,2
cell_1592,1
cell_1593,1
cell_1594,1
cell_1595,0
cell_1596,0
cell_1597,1
cell_1598,1
cell_1599,12
cell_1600,2
cell_1601,8
cell_1602,0
cell_1603,7
cell_1604,2
cell_1605,1
cell_1606,2
cell_1607,1
cell_1608,1
cell_1609,0
cell_1610,0
cell_1611,1
cell_1612,0
cell_1613,1
cell_1614,3
cell_1615,0
cell_1616,1
cell_1617,2
cell_1618,0
cell_1619,11
cell_1620,2
cell_1621,8
cell_1622,7
cell_1623,2
cell_1624,2
cell_1625,1
cell_1626,11
cell_1627,0
cell_1628,1
cell_1629,0
cell_1630,0
cell_1631,1
cell_1632,2
cell_1633,2
cell_1634,1
cell_1635,2
cell_1636,12
cell_1637,1
cell_1638,2
cell_1639,4
cell_1640,2
cell_1641,2
cell_1642,12
cell_1643,4
cell_1644,2
cell_1645,1
cell_1646,0
cell_1647,1
cell_1648,1
cell_1649,1
cell_1650,1
cell_1651,8
cell_1652,12
cell_1653,1
cell_1654,2
cell_1655,2
cell_1656,1
cell_1657,4
cell_1658,8
cell_1659,0
cell_1660,0
cell_1661,4
cell_1662,2
cell_1663,1
cell_1664,4
cell_1665,2
cell_1666,7
cell_1667,2
cell_1668,2
cell_1669,0
cell_1670,4
cell_1671,0
cell_1672,1
cell_1673,0
cell_1674,0
cell_1675,2
cell_1676,0
cell_1677,1
cell_1678,2
cell_1679,0
cell_1680,0
cell_1681,8
cell_1682,5
cell_1683,8
cell_1684,2
cell_1685,0
cell_1686,0
cell_1687,1
